<?xml version="1.0" encoding="utf-8"?>
<plasterManifest
  schemaVersion="1.0" xmlns="http://www.microsoft.com/schemas/PowerShell/Plaster/v1">
  <metadata>
    <name>ProcessaTemplate</name>
    <id>ceae0f9b-7c7b-403f-a99c-f9f859e236c7</id>
    <version>1.0.0</version>
    <title>Processa PowerShell Template</title>
    <description>Creates files for a PowerShell module</description>
    <author>Atorrest</author>
    <tags>Module, ModuleManifest</tags>
  </metadata>
  <parameters>
	<parameter name="ModuleName" type="text" prompt="Name of your module" default="cApp"/>
	<parameter name="ModuleDesc" type="text" prompt="Brief description on this module" />  
	<parameter name="ModuleAuthor" type="user-fullname" prompt="Author"/>
  </parameters>
  <content>	
	<requireModule name="Pscx" minimumVersion="3.2.2" message="You need to install PowerShell Community Extensions (Pscx) module before continue."/>
	<requireModule name="Pester" minimumVersion="3.4.3" message="You need to install Pester module before continue."/>
	<requireModule name="PSProcessa" minimumVersion="1.5.0" message="You need to install PSProcessa module before continue."/>
	<requireModule name="PlatyPS" minimumVersion="0.8.0" message="You need to install PlatyPS module before continue."/>
	<requireModule name="PSScriptAnalyzer" minimumVersion="1.5.0" message="You need to install PSScriptAnalyzer module before continue."/>
    
    <file source='' destination='bin\'/>	
	<file source='' destination='Docs\'/>	
	<file source='' destination='Installer\'/>	
	<file source='' destination='Functions\'/>	
	<file source='' destination='Classes\'/>	
	<file source='' destination='Pester\'/>	
	<file source='' destination='Resources\'/>	
	<file source='' destination='SQLScripts\'/>	
	<file source='' destination='.vscode\'/>	
	<file source='' destination='Logs\'/>	
	
	<file source='Resources\Resources.psd1' destination='Resources\Resources.psd1'/>			
	<file source='SQLScripts\Get-Dummy.sql' destination='SQLScripts\Get-Dummy.sql'/>
	<file source='Private-Functions.txt' destination='Private-Functions.txt'/>
	<file source='Invoke-ScriptAnalyzer.ps1' destination='Invoke-ScriptAnalyzer.ps1'/>
	<file source='Config.psd1' destination='Config.psd1'/>
	<file source='Installer\Get-FunctionsToExport.ps1' destination='Installer\Get-FunctionsToExport.ps1'/>
	<file source='.vscode\tasks.json' destination='.vscode\tasks.json'/>
	
	<templateFile source='Template.config' destination='${PLASTER_PARAM_ModuleName}.config'/>
	<templateFile source='Template.psm1' destination='${PLASTER_PARAM_ModuleName}.psm1'/>	
	<templateFile source='Template.psd1' destination='${PLASTER_PARAM_ModuleName}.psd1'/>	
	
	<templateFile source='ReleaseNotes.txt' destination='ReleaseNotes.txt'/>
	<templateFile source='Startup.ps1' destination='Startup.ps1'/>	
	
	<templateFile source='Functions\Get-ConfigFile.ps1' destination='Functions\Get-ConfigFile.ps1'/>
	<templateFile source='Functions\Get-Configuration.ps1' destination='Functions\Get-Configuration.ps1'/>
	<templateFile source='Functions\Set-Configuration.ps1' destination='Functions\Set-Configuration.ps1'/>
	<templateFile source='Functions\Test-Configuration.ps1' destination='Functions\Test-Configuration.ps1'/>
	<templateFile source='Functions\Get-ScriptDirectory.ps1' destination='Functions\Get-ScriptDirectory.ps1'/>
	<templateFile source='Docs\Invoke-Build.ps1' destination='Docs\Invoke-Build.ps1'/>
	<templateFile source='Installer\Template.nuspec' destination='Installer\${PLASTER_PARAM_ModuleName}.nuspec'/>
	<templateFile source='Installer\Create-Installer.ps1' destination='Installer\Create-Installer.ps1'/>
  </content>
</plasterManifest>